{"tilt_accel_tol": 5.000000, "tilt_rate_gate_deg_s": 100.000000, "tilt_R_deg": 3.000000}